Company,Date,Open Price,High Price,Low Price,Close Price,Adjusted Close,Volume,Price Change (%),7-Day Moving Avg,30-Day Moving Avg,Volatility
AAPL,2023-02-07,150.6399994,155.2299957,150.6399994,154.6499939,15441.42%,83322600,2.6619719304114686,154.6499939,154.6499939,
AAPL,2023-02-08,153.8800049,154.5800018,151.1699982,151.9199982,15168.84%,64120100,-1.2737240951309456,153.28499605000002,153.28499605000002,1.9303984720801182
AAPL,2023-02-09,153.7799988,154.3300018,150.4199982,150.8699951,15064.00%,56007100,-1.8923161156897967,152.47999573333334,152.47999573333334,1.9512292689494302
AAPL,2023-02-10,149.4600067,151.3399963,149.2200012,151.0099945,15101.00%,57450700,1.0370585645102854,152.11249542500002,152.11249542500002,1.7545435341336901
AAPL,2023-02-13,150.9499969,154.2599945,150.9199982,153.8500061,15385.00%,62199000,1.9211720831774324,152.45999756,152.45999756,1.7066358513243352
AAPL,2023-02-14,152.1199951,153.7700043,150.8600006,153.1999969,15320.00%,61707600,0.709967022606084,152.58333078333334,152.58333078333334,1.556069165264568
AAPL,2023-02-15,153.1100006,155.5,152.8800049,155.3300018,15533.00%,65573800,1.4499387311738958,152.97571235714284,152.97571235714284,1.7594134824317538
AAPL,2023-02-16,153.5099945,156.3300018,153.3500061,153.7100067,15371.00%,68167900,0.13029262404149414,152.84142847142857,153.06749915,1.6423032188788012
AAPL,2023-02-17,152.3500061,153.0,150.8500061,152.5500031,15255.00%,59144100,0.13127469116655072,152.93142917142856,153.0099995888889,1.600112146926059
AAPL,2023-02-21,150.1999969,151.3000031,148.4100037,148.4799957,14848.00%,58867200,-1.1451406361513798,152.5900006857143,152.5569992,2.240233951330015
AAPL,2023-02-22,148.8699951,149.9499969,147.1600037,148.9100037,14891.00%,51011300,0.026874858142581524,152.290002,152.22545415454545,2.5989694344781147
AAPL,2023-02-23,150.0899963,150.3399963,147.2400055,149.3999939,14940.00%,48394200,-0.4597257758743761,151.65428597142858,151.98999913333333,2.6962147129905287
AAPL,2023-02-24,147.1100006,147.1900024,145.7200012,146.7100067,14671.00%,55469600,-0.27190122926285837,150.72714451428573,151.58384586923077,3.153225304868605
AAPL,2023-02-27,147.7100067,149.1699982,147.4499969,147.9199982,14792.00%,44998500,0.14216470819508872,149.66857257142857,151.32214246428572,2.533335491314011
AAPL,2023-02-28,147.0500031,149.0800018,146.8300018,147.4100037,14741.00%,50547000,0.24481509174480695,148.76857214285715,151.06133321333334,1.897571711456095
AAPL,2023-03-01,146.8300018,147.2299957,145.0099945,145.3099976,14531.00%,55479000,-1.0352136357461983,147.73428564285715,150.7018747375,1.4011274172963029
AAPL,2023-03-02,144.3800049,146.7100067,143.8999939,145.9100037,14591.00%,52238100,1.0597026929454105,147.36714392857144,150.41999997058824,1.505950313817746
AAPL,2023-03-03,148.0399933,151.1100006,147.3300018,151.0299988,15103.00%,70732300,2.0197282054321706,147.67000037142859,150.45388879444442,2.000056392793348
AAPL,2023-03-06,153.7899933,156.3000031,153.4600067,153.8300018,15383.00%,87558000,0.026015021615843327,148.30285864285716,150.63157895263157,3.059153649165488
AAPL,2023-03-07,153.6999969,154.0299988,151.1300049,151.6000061,15160.00%,56182000,-1.3662920249544914,149.00142998571428,150.68000031,3.1903112933292874
AAPL,2023-03-08,152.8099976,153.4700012,151.8300018,152.8699951,15287.00%,47204800,0.03926281064218051,149.7085724,150.78428577619047,3.4487791431125547
AAPL,2023-03-09,153.5599976,154.5399933,150.2299957,150.5899963,15059.00%,53833600,-1.9340982980062296,150.16285705714287,150.77545443636362,3.301851340351169
AAPL,2023-03-10,150.2100067,150.9400024,147.6100006,148.5,14850.00%,68572400,-1.138410640920375,150.61857168571427,150.6765216347826,2.6824880107071043
AAPL,2023-03-13,147.8099976,153.1399994,147.6999969,150.4700012,15047.00%,84457100,1.7996100691364942,151.2699999,150.66791661666667,1.7347142536108628
AAPL,2023-03-14,151.2799988,153.3999939,150.1000061,152.5899963,15259.00%,73695900,0.8659422993067928,151.4928566857143,150.744799804,1.7978012121071547
AAPL,2023-03-15,151.1900024,153.25,149.9199982,152.9900055,15299.00%,77167900,1.1905569623828498,151.37285721428572,150.83115386923077,1.6366094710513177
AAPL,2023-03-16,152.1600037,156.4600067,151.6399994,155.8500061,15585.00%,76161100,2.4250803826708878,151.98000007142858,151.01703728518518,2.362338239616419
AAPL,2023-03-17,156.0800018,156.7400055,154.2799988,155.0,15500.00%,98944600,-0.6919539899697713,152.2842864857143,151.15928595357144,2.619288345282035
AAPL,2023-03-20,155.0700073,157.8200073,154.1499939,157.3999939,15740.00%,73641400,1.5025385247402463,153.2571432857143,151.37448277931034,3.10480056408376
AAPL,2023-03-21,157.3200073,159.3999939,156.5399933,159.2799988,15928.00%,73938300,1.2458628331121373,154.79714311428572,151.63799998000002,3.0243979912690984
AAPL,2023-03-22,159.3000031,162.1399994,157.8099976,157.8300018,15783.00%,75701800,-0.9227879920863649,155.84857177142857,151.74400024333335,2.503912217952532
AAPL,2023-03-23,158.8300018,161.5500031,157.6799927,158.9299927,15893.00%,67622100,0.0629546678000623,156.75428554285716,151.97766672666668,2.2639227444499452
AAPL,2023-03-24,158.8600006,160.3399963,157.8500061,160.25,16025.00%,59196500,0.8749838818771813,157.7914276142857,152.29033355666664,1.8829341795701795
AAPL,2023-03-27,159.9400024,160.7700043,157.8699951,158.2799988,15828.00%,52390300,-1.0378914437230309,158.13856942857143,152.53266703333335,1.6782271886508466
AAPL,2023-03-28,157.9700012,158.4900055,155.9799957,157.6499939,15765.00%,45992200,-0.2025747278401708,158.5171399857143,152.65933329333333,1.0233570004621266
AAPL,2023-03-29,159.3699951,161.0500031,159.3500061,160.7700043,16077.00%,51305700,0.8784647317843831,158.99857004285715,152.91166687333333,1.189433705920613
AAPL,2023-03-30,161.5299988,162.4700012,161.2700043,162.3600006,16236.00%,49501700,0.513837557212945,159.4385703,153.14600016666665,1.748967643393598
AAPL,2023-03-31,162.4400024,165.0,161.9100037,164.8999939,16490.00%,68749800,1.5144000638108839,160.44856917142857,153.51899974,2.531544258065353
AAPL,2023-04-03,164.2700043,166.2899933,164.2200012,166.1699982,16617.00%,56976200,1.1566286298563142,161.48285567142855,153.97299957666667,3.198768869010114
AAPL,2023-04-04,166.6000061,166.8399963,165.1100006,165.6300049,16563.00%,46278300,-0.5822335921271091,162.25142780000002,154.54466655,3.4865629078850344
AAPL,2023-04-05,164.7400055,165.0500031,161.8000031,163.7599945,16376.00%,51511700,-0.5948834328526172,163.03428432857143,155.03966624333333,3.0317816610000587
AAPL,2023-04-06,162.4299927,164.9600067,162.0,164.6600037,16466.00%,45390100,1.3729059288445011,164.03571430000002,155.54833323666665,1.9053672603797143
AAPL,2023-04-10,161.4199982,162.0299988,160.0800018,162.0299988,16203.00%,47716900,0.37789654739320766,164.2157135142857,156.05899964,1.5765881529639352
AAPL,2023-04-11,162.3500061,162.3600006,160.5099945,160.8000031,16080.00%,47644200,-0.9547292527018907,163.99285672857144,156.48833313666668,1.9489113375522569
AAPL,2023-04-12,161.2200012,162.0599976,159.7799988,160.1000061,16010.00%,50133100,-0.6946998459642805,163.3071441857143,156.91133321666666,2.374500254032379
AAPL,2023-04-13,161.6300049,165.8000031,161.4199982,165.5599976,16556.00%,68445600,2.4314747143833157,163.22000124285714,157.58633321666667,2.2603748542412667
AAPL,2023-04-14,164.5899963,166.3200073,163.8200073,165.2100067,16521.00%,49386500,0.37669992948411796,163.1600015,158.22966665,2.1902272027552083
AAPL,2023-04-17,165.0899963,165.3899994,164.0299988,165.2299957,16523.00%,41516200,0.08480186754961697,163.37000167142858,158.70299988,2.3237453633490692
AAPL,2023-04-18,166.1000061,167.4100037,165.6499939,166.4700012,16647.00%,49923000,0.22275441686453448,163.62857274285713,159.12433319333334,2.578004200044562
AAPL,2023-04-19,165.8000031,168.1600037,165.5399933,167.6300049,16763.00%,47720200,1.1037405101230608,164.42857361428574,159.65866648666668,2.8534378338568493
AAPL,2023-04-20,166.0899963,167.8699951,165.5599976,166.6499939,16665.00%,52456400,0.33716515893498317,165.26428658571427,160.11799978,2.4403522882449904
AAPL,2023-04-21,165.0500031,166.4499969,164.4900055,165.0200043,16502.00%,58337300,-0.0181755828152342,165.96714347142856,160.59900004666667,0.9715744980758192
AAPL,2023-04-24,165.0,165.6000061,163.8899994,165.3300018,16533.00%,41949600,0.20000109090908538,165.93428692857142,161.16000010666667,0.9913262928906142
AAPL,2023-04-25,165.1900024,166.3099976,163.7299957,163.7700043,16377.00%,48714100,-0.8596150368480089,165.7285723,161.60333354333335,1.275387183161519
AAPL,2023-04-26,163.0599976,165.2799988,162.8000031,163.7599945,16376.00%,45498800,0.4292879371414894,165.51857212857144,161.97566681666666,1.4763521613773312
AAPL,2023-04-27,165.1900024,168.5599976,165.1900024,168.4100037,16841.00%,64902300,1.9492712956095986,165.79571534285714,162.48966675666668,1.8255225257508818
AAPL,2023-04-28,168.4900055,169.8500061,167.8800049,169.6799927,16968.00%,55209200,0.7062657493948618,166.08857074285717,162.95066631,2.2773463125148092
AAPL,2023-05-01,169.2799988,170.4499969,168.6399994,169.5899963,16959.00%,52472900,0.1831270688785051,166.5085710857143,163.43699952,2.640322591325573
AAPL,2023-05-02,170.0899963,170.3500061,167.5399933,168.5399933,16854.00%,48425700,-0.9112840459271642,167.01142665714286,163.80833283333334,2.644762729582432
AAPL,2023-05-03,169.5,170.9199982,167.1600037,167.4499969,16745.00%,65136000,-1.209441356932152,167.3142831,164.08066610333333,2.539413301912188
AAPL,2023-05-04,164.8899994,167.0399933,164.3099976,165.7899933,16579.00%,81235400,0.5458147269542645,167.60285295714286,164.3459991533333,2.1552400776041223
AAPL,2023-05-05,170.9799957,174.3000031,170.7599945,173.5700073,17357.00%,113316400,1.514803874802061,169.00428335714287,164.83399963999997,2.413906875454596
MSFT,2023-02-07,260.5299988,268.769989,260.0799866,267.5599976,26689.15%,50841400,2.6983452317890952,267.5599976,267.5599976,
MSFT,2023-02-08,273.2000122,276.7600098,266.2099915,266.730011,26606.36%,54686000,-2.368228737582762,267.1450043,267.1450043,0.5868891531539551
MSFT,2023-02-09,273.7999878,273.980011,262.7999878,263.6199951,26296.14%,42375100,-3.718039866180014,265.97000123333333,265.97000123333333,2.0770450305838652
MSFT,2023-02-10,261.5299988,264.0899963,260.6600037,263.1000061,26244.27%,25818500,0.6003163335769442,265.25250244999995,265.25250244999995,2.221552472721436
MSFT,2023-02-13,267.6400146,274.6000061,267.1499939,271.3200073,27064.21%,44630900,1.3749785156378533,266.46600342,266.46600342,3.326318469832032
MSFT,2023-02-14,272.6700134,274.9700012,269.2799988,272.1700134,27149.00%,37047900,-0.18337183240846971,267.41667175,267.41667175,3.778112927399943
MSFT,2023-02-15,268.3200073,270.730011,266.1799927,269.3200073,26932.00%,28922400,0.3726893160381932,267.6885768285714,267.6885768285714,3.5231578182684387
MSFT,2023-02-16,264.019989,266.7399902,261.8999939,262.1499939,26215.00%,29603600,-0.7082778493714667,266.91571915714286,266.99625396249996,4.101911169426519
MSFT,2023-02-17,259.3900146,260.0899963,256.0,258.0599976,25806.00%,30000100,-0.512747956798179,265.6771458142857,266.0033365888889,5.3010206682260215
MSFT,2023-02-21,254.4799957,255.4900055,251.5899963,252.6699982,25267.00%,28397400,-0.7112533521627925,264.11286054285716,264.67000275,7.262116563319416
MSFT,2023-02-22,254.0899963,254.3399963,250.3399963,251.5099945,25151.00%,22491100,-1.0153889714547533,262.45714460000005,263.4736383636363,8.708679705359053
MSFT,2023-02-23,255.5599976,256.8399963,250.4799957,254.7700043,25477.00%,29219100,-0.3091224399041049,260.0928584571429,262.74833552499996,8.128750019312985
MSFT,2023-02-24,249.9600067,251.0,248.1000061,249.2200012,24922.00%,24990900,-0.29604955999546917,256.81428528571433,261.70769442307693,6.994968672748926
MSFT,2023-02-27,252.4600067,252.8200073,249.3899994,250.1600037,25016.00%,21190000,-0.9110365756795346,254.0771419142857,260.88285937142854,4.637172699492905
MSFT,2023-02-28,249.0700073,251.4900055,248.7299957,249.4199982,24942.00%,22491000,0.1405190869001203,252.25857109999998,260.11866862666665,3.2245897314178245
MSFT,2023-03-01,250.7599945,250.9299927,245.7899933,246.2700043,24627.00%,27565300,-1.7905528387623226,250.5742863428571,259.25312710625,2.7305845069309
MSFT,2023-03-02,246.5500031,251.3999939,245.6100006,251.1100006,25111.00%,24808200,1.849522385992624,250.35142954285715,258.7741196647059,2.5911347578792516
MSFT,2023-03-03,252.1900024,255.6199951,251.3899994,255.2899933,25529.00%,30760100,1.229228308219404,250.89142937142856,258.5805570888889,3.196086578937454
MSFT,2023-03-06,256.4299927,260.1199951,255.9799957,256.8699951,25687.00%,24109800,0.171587728629986,251.19142805714287,258.4905275105263,3.6823843438429513
MSFT,2023-03-07,256.2999878,257.6900024,253.3899994,254.1499939,25415.00%,21473200,-0.8388583700119858,251.89571272857143,258.27350083,3.7138074900580973
MSFT,2023-03-08,254.0399933,254.5399933,250.8099976,253.6999969,25370.00%,17340200,-0.1338357774236289,252.40142604285717,258.05571492857143,3.678920364385721
MSFT,2023-03-09,255.8200073,259.5599976,251.5800018,252.3200073,25232.00%,26653400,-1.3681494410621104,252.81571305714286,257.79500094545455,3.442939906606847
MSFT,2023-03-10,251.0800018,252.7899933,247.6000061,248.5899963,24859.00%,28333900,-0.9917179712239413,253.14714048571432,257.39478335217393,2.7496812299619604
MSFT,2023-03-13,247.3999939,257.9100037,245.7299957,253.9199982,25392.00%,33339700,2.6354100488116505,253.54856871428572,257.2500006375,2.6039661727236845
MSFT,2023-03-14,256.75,261.0700073,255.8600006,260.7900085,26079.00%,33620300,1.573518403115871,254.33428517142858,257.39160095200003,3.780834940798008
MSFT,2023-03-15,259.980011,266.480011,259.2099915,265.4400024,26544.00%,46028000,2.100158154082098,255.55857192857144,257.70115485384616,5.659553294658495
MSFT,2023-03-16,265.2099915,276.5599976,263.2799988,276.2000122,27620.00%,54768800,4.143893915097841,258.70857454285715,258.3862977185185,9.546470640126705
MSFT,2023-03-17,278.2600098,283.3299866,276.3200073,279.4299927,27943.00%,69527400,0.4204639038289995,262.38428822857145,259.13785825357144,11.947983322441312
MSFT,2023-03-20,276.980011,277.480011,269.8500061,272.230011,27223.00%,43466600,-1.7149251972554802,265.2285744714286,259.5893117965517,11.514806334335272
MSFT,2023-03-21,274.8800049,275.0,269.519989,273.7799988,27378.00%,34558700,-0.4001768336697341,268.82714625714283,260.06233469666665,9.139485139633171
MSFT,2023-03-22,273.3999939,281.0400085,272.1799927,272.2900085,27229.00%,34873300,-0.4059932058396537,271.45143344285714,260.2200017266667,6.360572573664904
MSFT,2023-03-23,277.9400024,281.0599976,275.2000122,277.6600037,27766.00%,36610900,-0.10074069856164808,273.86143275714284,260.5843348166667,4.600090338802183
MSFT,2023-03-24,277.2399902,280.6300049,275.2799988,280.5700073,28057.00%,28172000,1.2011315891324699,276.0228620285714,261.14933522333337,3.3750810958156325
MSFT,2023-03-27,280.5,281.4599915,275.519989,276.3800049,27638.00%,26840200,-1.468803957219245,276.04857527142855,261.59200185,3.3773405482065266
MSFT,2023-03-28,275.7900085,276.1400146,272.0499878,275.230011,27523.00%,21878600,-0.20305213486369236,275.4485778857143,261.72233530666665,3.03190426056862
MSFT,2023-03-29,278.9599915,281.1400146,278.4100037,280.5100098,28051.00%,25087000,0.5556417935293694,276.63143485714284,262.00033518666663,3.1785616923554496
MSFT,2023-03-30,284.230011,284.4599915,281.480011,284.0499878,28405.00%,25053400,-0.06333715407694712,278.0985761428571,262.49133453666667,3.9254775060902873
MSFT,2023-03-31,283.730011,289.269989,283.0,288.2999878,28830.00%,32766000,1.6106779765359422,280.38571604285715,263.363001,4.585639199111425
MSFT,2023-04-03,286.519989,288.269989,283.9500122,287.230011,28723.00%,24883300,0.24780888847513563,281.7528599428571,264.33533478,5.041491342975484
MSFT,2023-04-04,287.230011,290.4500122,285.6700134,287.1799927,28718.00%,25824300,-0.017414022937866522,282.69714357142857,265.48566793,5.390002139121461
MSFT,2023-04-05,285.8500061,287.1499939,282.9200134,284.3399963,28434.00%,22064800,-0.5282524987848785,283.8342852,266.5800013233333,4.619773170263334
MSFT,2023-04-06,283.2099915,292.0799866,282.0299988,291.6000061,29160.00%,29770300,2.9624712587161572,286.17285592857144,267.80766805,3.560063671909582
MSFT,2023-04-10,289.2099915,289.6000061,284.7099915,289.3900146,28939.00%,23103000,0.06224650091315093,287.4414280428572,269.1466684966667,2.67898230881211
MSFT,2023-04-11,285.75,285.980011,281.6400146,282.8299866,28283.00%,27276600,-1.021876955380583,287.2671421571428,270.2356679266667,2.961209593389291
MSFT,2023-04-12,284.7900085,287.0100098,281.9599915,283.4899902,28349.00%,27403400,-0.4564831142943614,286.57999964285716,271.37133432666667,3.2276804487818453
MSFT,2023-04-13,283.5899963,289.8999939,283.1700134,289.8399963,28984.00%,24222700,2.2038859203581858,286.95285468571427,272.8236673933333,3.457827924578554
MSFT,2023-04-14,287.0,288.480011,283.6900024,286.1400146,28614.00%,20987900,-0.2996464808362466,286.8042863857143,273.99133452666666,3.4687666704711124
MSFT,2023-04-17,289.9299927,291.6000061,286.1600037,288.7999878,28880.00%,23836200,-0.3897509496953873,287.4414280285714,275.1083343433333,3.348196168138429
MSFT,2023-04-18,291.5700073,291.7600098,287.0100098,288.3699951,28837.00%,20161800,-1.0975107589538422,286.9799978857143,276.1583343433333,2.867651369873843
MSFT,2023-04-19,285.9899902,289.0499878,284.5400085,288.4500122,28845.00%,17150300,0.8601776580640551,286.84571182857144,277.30166828666665,2.7558144162208413
MSFT,2023-04-20,285.25,289.0299988,285.0799866,286.1099854,28611.00%,23244400,0.30148480280456713,287.31428308571424,278.38200123666667,2.1773611584160655
MSFT,2023-04-21,285.0100098,286.269989,283.0599976,285.7600098,28576.00%,21676400,0.2631486524021726,287.6385716,279.49666798666664,1.6072656787512711
MSFT,2023-04-24,282.0899963,284.9500122,278.7200012,281.769989,28177.00%,26611000,-0.11344156269180898,286.4857134142857,280.60266774333337,2.4423429605341633
MSFT,2023-04-25,279.5100098,281.6000061,275.3699951,275.4200134,27542.00%,45772200,-1.4632736777214201,284.9542846714286,281.31933491666666,4.859758670209283
MSFT,2023-04-26,296.7000122,299.5700073,292.730011,295.3699951,29537.00%,64599200,-0.44826998493801223,285.89285714285717,282.4720011366666,6.181082553322517
MSFT,2023-04-27,295.9700012,305.2000122,295.25,304.8299866,30483.00%,46462600,2.9935416981712573,288.2442845,283.78500060999994,9.513226533729748
MSFT,2023-04-28,304.0100098,308.9299927,303.3099976,307.2600098,30726.00%,36446700,1.0690437469930967,290.9314270142857,284.8203338633333,11.93048766149355
MSFT,2023-05-01,306.9700012,308.6000061,305.1499939,305.5599976,30556.00%,21294100,-0.45932944407860227,293.71000018571425,285.6913340266666,12.849933275473198
MSFT,2023-05-02,307.7600098,309.1799927,303.9100037,305.4100037,30541.00%,26404400,-0.7635839697065064,296.5171421714286,286.79733378333333,12.969529182602779
MSFT,2023-05-03,306.6199951,308.6099854,304.0899963,304.3999939,30440.00%,22360800,-0.7240236238592113,299.7500000142857,287.8180002866667,11.407259086494866
MSFT,2023-05-04,306.2399902,307.7600098,303.3999939,305.4100037,30541.00%,22519900,-0.2710248584640982,304.0342843428571,288.92200012666666,3.9233299379736293
MSFT,2023-05-05,305.7200012,311.9700012,304.269989,310.6499939,31065.00%,28181200,1.6125842864873094,306.2171413142857,290.02166646666666,2.148594880760627
NFLX,2023-02-07,358.5100098,364.1799927,354.1799927,362.9500122,36295.00%,6289400,1.238459813849255,362.9500122,362.9500122,
NFLX,2023-02-08,360.019989,368.1900024,358.3099976,366.8299866,36683.00%,6253200,1.8915609710770738,364.88999939999997,364.88999939999997,2.743556209070212
NFLX,2023-02-09,372.4100037,373.8299866,361.7399902,362.5,36250.00%,6901100,-2.6610465888513417,364.09333293333333,364.09333293333333,2.380668543392229
NFLX,2023-02-10,359.1600037,362.1400146,347.1400146,347.3599854,34736.00%,7291100,-3.285448874718334,359.90999605,359.90999605,8.589506295095944
NFLX,2023-02-13,349.5,359.7000122,344.25,358.5700073,35857.00%,7134400,2.5951379971387656,359.64199829999995,359.64199829999995,7.462829742473358
NFLX,2023-02-14,357.5499878,363.75,353.3999939,359.9599915,35996.00%,4624800,0.6740326617905157,359.6949971666666,359.6949971666666,6.676220150004318
NFLX,2023-02-15,356.6300049,362.8800049,354.2399902,361.4200134,36142.00%,3966000,1.343131097828723,359.94142805714284,359.94142805714284,6.12930340217407
NFLX,2023-02-16,355.0,361.5,350.3099976,350.7099915,35071.00%,5215700,-1.208453098591549,358.19285367142857,358.7874984875,6.8334400422076955
NFLX,2023-02-17,347.9100037,349.0,342.4400024,347.9599915,34796.00%,5294700,0.014368026060871989,355.4971400857143,357.5844421555555,6.575443175215066
NFLX,2023-02-21,342.8500061,344.1300049,336.4200134,337.5,33750.00%,5710300,-1.560450927464625,351.92571151428575,355.57599794,8.611910431711184
NFLX,2023-02-22,337.5,341.9100037,332.8200073,334.8800049,33488.00%,4546200,-0.7762948444444393,350.1428571571428,353.69454402727274,10.7428292294678
NFLX,2023-02-23,331.230011,331.2799988,314.2999878,323.6499939,32365.00%,13238700,-2.288445143335748,345.15428381428575,351.1908315166667,13.838979822545964
NFLX,2023-02-24,319.2999878,321.5,314.519989,317.1499939,31715.00%,6830700,-0.6733460639361697,339.03856987142854,348.57230554615387,15.558072660656226
NFLX,2023-02-27,323.8699951,330.0,322.1199951,323.0299988,32303.00%,6142600,-0.25936218628114455,333.5542820714286,346.7478550642857,12.891374339064212
NFLX,2023-02-28,323.7000122,327.6199951,321.1700134,322.1300049,32213.00%,3676100,-0.4850192279356318,329.47142684285717,345.1066650533333,10.928807416403659
NFLX,2023-03-01,321.5499878,326.6000061,312.3599854,313.480011,31348.00%,4911300,-2.509711430939139,324.54571534285714,343.129999175,8.762542537968491
NFLX,2023-03-02,310.9599915,315.5700073,310.3800049,311.8800049,31188.00%,4911000,0.29586230548890924,320.88571604285715,341.2917642176471,7.740913773475047
NFLX,2023-03-03,315.4500122,317.4899902,310.8200073,315.1799927,31518.00%,5953300,-0.08559818974703132,318.0714285857143,339.84111024444445,4.844311738150637
NFLX,2023-03-06,317.0,323.2999878,311.8399963,312.0299988,31203.00%,5660700,-1.5678237223974805,316.4114292857143,338.37736753684214,4.598793980604482
NFLX,2023-03-07,312.6799927,314.2999878,306.6199951,308.4700012,30847.00%,4553100,-1.3464217725114462,315.1714303285714,336.88199922,5.4566634633163895
NFLX,2023-03-08,309.2900085,311.8299866,305.75,311.7900085,31179.00%,3479500,0.8083028650438929,313.5657174285715,335.6871425190476,4.287185841811506
NFLX,2023-03-09,312.0799866,312.5100098,294.8800049,297.7799988,29778.00%,7443400,-4.582154708410897,310.0871451285715,333.9640905318182,5.793939515508692
NFLX,2023-03-10,297.8999939,298.7900085,289.0,292.7600098,29276.00%,5759300,-1.7254059097850987,307.12714495714283,332.17260876086954,8.453848072774901
NFLX,2023-03-13,287.3399963,299.2399902,285.3299866,293.5100098,29351.00%,6292400,2.147286691532536,304.5028599428571,330.5616671375,9.516948677871193
NFLX,2023-03-14,295.9700012,297.4500122,290.3099976,294.9400024,29494.00%,5956700,-0.34800783722130385,301.61143275714284,329.13680054800005,8.77836825291499
NFLX,2023-03-15,292.5100098,306.3099976,292.2799988,303.7900085,30379.00%,9215300,3.856277844205256,300.43429128571427,328.16192393076926,7.625161579429036
NFLX,2023-03-16,304.75,316.6000061,301.7099915,310.0599976,31006.00%,7903700,1.7424110254306724,300.66143362857144,327.4914822148148,7.9223204448918
NFLX,2023-03-17,310.0599976,310.7600098,300.0,303.5,30350.00%,6918800,-2.1157187804867528,299.4771467,326.63464356428574,6.467527851518692
NFLX,2023-03-20,299.7900085,307.5,296.0,305.1300049,30513.00%,5113400,1.7812456214664065,300.52714757142854,325.8931043,6.737092363498383
NFLX,2023-03-21,306.3200073,307.9200134,300.4299927,305.7900085,30579.00%,4886300,-0.17302128080746723,302.3885759571429,325.2230011066667,5.992291543210375
NFLX,2023-03-22,306.3099976,306.4500122,293.5400085,293.8999939,29390.00%,5808000,-4.051452383936145,302.44428797142854,322.92133383,5.897043173875605
NFLX,2023-03-23,304.6799927,322.7799988,304.1400146,320.3699951,32037.00%,15653300,5.149666133623998,306.07714407142856,321.3726674466667,7.971656866527588
NFLX,2023-03-24,320.6300049,331.8299866,320.6300049,328.3900146,32839.00%,12991700,2.420238150331624,309.5914306571429,320.23566793333333,11.456189083074422
NFLX,2023-03-27,327.5499878,336.4400024,324.4100037,327.6600037,32766.00%,8625800,0.03358751460774978,312.10571724285717,319.57900187666667,13.350829733405654
NFLX,2023-03-28,326.0599976,333.3200073,321.2799988,323.519989,32352.00%,6489400,-0.7790003737643298,314.96571567142854,318.41066793333334,13.344399704396706
NFLX,2023-03-29,326.2900085,332.8500061,325.730011,332.0299988,33203.00%,6287300,1.75916827070112,318.80857194285716,317.4796681766667,13.901521276926662
NFLX,2023-03-30,340.269989,343.2900085,335.2999878,338.4299927,33843.00%,7131500,-0.5407459839192564,323.47142682857145,316.71333415333334,14.27606044802281
NFLX,2023-03-31,340.0499878,345.8399963,337.2000122,345.480011,34548.00%,5610200,1.5968308762868286,330.8400007,316.53900146999996,8.685930932496316
NFLX,2023-04-03,341.8299866,348.5799866,340.3999939,348.2799988,34828.00%,4413700,1.8869064894378709,334.8271440857143,316.54966838,9.450958565147763
NFLX,2023-04-04,348.4899902,349.7999878,343.9500122,346.75,34675.00%,3298100,-0.49929416882287897,337.4499991428571,316.85800171333335,9.903585069579176
NFLX,2023-04-05,345.2999878,345.4299927,336.25,342.3500061,34235.00%,4205500,-0.8543242989364576,339.54857091428573,317.1070017533333,8.998370374984376
NFLX,2023-04-06,339.3399963,340.480011,332.6300049,339.3299866,33933.00%,4660500,-0.002949755439722061,341.807142,317.6296681766666,5.675214443926244
NFLX,2023-04-10,335.269989,339.8800049,333.3599854,338.9899902,33899.00%,2657900,1.1095538885229639,342.8014264857143,318.3576680533333,4.055283745693338
NFLX,2023-04-11,343.4500122,347.1400146,337.6400146,338.2099915,33821.00%,4044800,-1.5257011250151304,342.76999774285713,318.86366781000004,4.09546263305546
NFLX,2023-04-12,340.8099976,342.7999878,330.0400085,331.0299988,33103.00%,3965400,-2.869633775086177,340.7057102857143,319.1603342733333,5.7921111501894575
NFLX,2023-04-13,339.9899902,346.4299927,338.75,346.1900024,34619.00%,7406400,1.8235866874647777,340.40713937142857,320.25066732,5.3754830917488805
NFLX,2023-04-14,342.9400024,344.8500061,336.4100037,338.6300049,33863.00%,5350500,-1.2567788738080465,339.24714007142853,321.1423339866667,4.598587612193581
NFLX,2023-04-17,338.0,338.3900146,327.5,332.7200012,33272.00%,6136000,-1.5621298224852034,337.8714250857143,321.7270009366666,4.943171558900537
NFLX,2023-04-18,335.0,337.1900024,330.5,333.7000122,33370.00%,17944500,-0.3880560597014916,337.0671430285714,322.44933471666667,5.121114246339884
NFLX,2023-04-19,324.2099915,325.75,316.1000061,323.1199951,32312.00%,22128300,-0.3362007429064746,334.80000087142855,322.93766784666667,7.213424128159833
NFLX,2023-04-20,320.3900146,331.4299927,318.3299866,325.3500061,32535.00%,9947800,1.5481105134292164,332.9628601,323.3896677666666,7.8129133225179865
NFLX,2023-04-21,323.0,328.2900085,319.5,327.980011,32798.00%,6348000,1.5417990712074274,332.5271475571429,324.39633484,8.02094759488538
NFLX,2023-04-24,330.2000122,334.6600037,326.75,329.019989,32902.00%,5586600,-0.357366189097916,330.0742885,325.60500081333333,5.315457611656169
NFLX,2023-04-25,328.5,328.6600037,321.1000061,322.5499878,32255.00%,5426600,-1.8112670319634712,327.77714319999995,326.57300008000004,4.396991773350706
NFLX,2023-04-26,321.3599854,325.8999939,320.4700012,321.1499939,32115.00%,4623200,-0.06534463204515722,326.1242850142857,327.4466664633333,4.403878996430795
NFLX,2023-04-27,324.2999878,327.4500122,317.4400024,325.8500061,32585.00%,5618800,0.4779581740089034,325.00285557142854,328.18199971666667,2.8938227270782058
NFLX,2023-04-28,325.2399902,330.8099976,324.0,329.9299927,32993.00%,4221900,1.4420128647513382,325.9757123714286,328.8443328866667,3.2749459056668413
NFLX,2023-05-01,329.4400024,331.230011,318.0899963,324.1199951,32412.00%,5341500,-1.6148637874099414,325.79999651428574,329.53166605666667,3.346333065871673
NFLX,2023-05-02,325.0,326.0700073,315.6199951,317.5499878,31755.00%,4318600,-2.2923114461538474,324.3099932,329.94566548666666,4.377158161377111
NFLX,2023-05-03,317.5499878,324.6199951,315.8500061,319.2999878,31930.00%,5064100,0.5510943370283449,322.92142160000003,330.39599813,4.17085637633294
NFLX,2023-05-04,319.0100098,323.6099854,317.9500122,320.7799988,32078.00%,3879700,0.554838075805109,322.66856602857143,331.29199829333334,4.250028126035215
NFLX,2023-05-05,323.6099854,324.1499939,319.4400024,322.7600098,32276.00%,3988600,-0.26265431795914235,322.8985683,331.37166545,4.197388628106887
GOOG,2023-02-07,103.6299973,108.6699982,103.5479965,108.0400009,10804.00%,33738800,4.255528046800399,108.0400009,108.0400009,
GOOG,2023-02-08,102.6900024,103.5800018,98.45500183,100.0,10000.00%,73546000,-2.61953679728417,104.02000045,104.02000045,5.685139157135942
GOOG,2023-02-09,100.5400009,100.6100006,93.86000061,95.45999908,9546.00%,97798600,-5.0527171021738,101.16666665999999,101.16666665999999,6.370631426276948
GOOG,2023-02-10,95.73999786,97.01999664,94.52999878,94.86000061,9486.00%,49325300,-0.9191531958114485,99.5900001475,99.5900001475,6.082773957074791
GOOG,2023-02-13,95.01000214,95.34999847,94.05000305,95.0,9500.00%,43116600,-0.010527460030217655,98.672000118,98.672000118,5.65364701148387
GOOG,2023-02-14,94.66000366,95.17500305,92.65000153,94.94999695,9495.00%,42513100,0.30635250241653983,98.05166625666668,98.05166625666668,5.280138655515472
GOOG,2023-02-15,94.73999786,97.33999634,94.36000061,97.09999847,9710.00%,36964500,2.4910287769770063,97.91571371571429,97.91571371571429,4.833487544030412
GOOG,2023-02-16,95.54000092,97.87999725,94.97000122,95.77999878,9578.00%,35642100,0.25120144200224964,96.16428484142857,97.64874934875,1.8602498315527423
GOOG,2023-02-17,95.06999969,95.75,93.44999695,94.58999634,9459.00%,31095100,-0.5048946582151862,95.39142717571428,97.30888790333333,0.8512429463843125
GOOG,2023-02-21,93.23999786,93.41500092,92.0,92.05000305,9205.00%,28367200,-1.276270739288069,94.90428488571429,96.782999418,1.5191525669221644
GOOG,2023-02-22,91.93399811,92.36000061,90.87000275,91.80000305,9180.00%,29891100,-0.14575136810614633,94.46714237714285,96.32999974818182,1.9211063105402901
GOOG,2023-02-23,92.12999725,92.12999725,90.01000214,91.06999969,9107.00%,32423700,-1.1505455244111595,93.90571376142857,95.89166641000001,2.28013608128833
GOOG,2023-02-24,89.62999725,90.12999725,88.86000061,89.34999847,8935.00%,31295600,-0.31239405175815693,93.10571397857143,95.38846118384616,2.780232009676535
GOOG,2023-02-27,90.08999634,90.44999695,89.61000061,90.09999847,9010.00%,22724300,0.0111023758534251,92.10571397857143,95.01071384714285,2.3258746485920767
GOOG,2023-02-28,89.54000092,91.44999695,89.51999664,90.30000305,9030.00%,30546900,0.8487850370685519,91.32285744571428,94.69666646066666,1.728599143047789
GOOG,2023-03-01,90.16000366,91.19999695,89.84999847,90.51000214,9051.00%,26323900,0.3881970561135583,90.74000113142857,94.434999940625,0.9606262537035873
GOOG,2023-03-02,89.86000061,92.48000336,89.76999664,92.30999756,9231.00%,23328600,2.7264599748148157,90.77714320428572,94.30999980058823,1.0227368364557334
GOOG,2023-03-03,92.73999786,94.11000061,92.66000366,94.01999664,9402.00%,30242500,1.380201433616897,91.0942851457143,94.29388851388889,1.5833375553093905
GOOG,2023-03-06,94.36000061,96.30000305,94.30000305,95.58000183,9558.00%,28288200,1.2929220136850106,91.73857116571428,94.36157868842106,2.31865909322848
GOOG,2023-03-07,95.41999817,96.08999634,93.84400177,94.16999817,9417.00%,24101500,-1.3099979291269777,92.42714255142856,94.35199966249999,2.2039632417364747
GOOG,2023-03-08,94.40499878,96.23999786,94.40499878,94.65000153,9465.00%,25395200,0.2595230688694233,93.07714298857142,94.36619022761904,2.07013374408674
GOOG,2023-03-09,94.48999786,95.91999817,92.35500336,92.66000366,9266.00%,24438900,-1.936706785316464,93.41428593285715,94.28863629272728,1.7018893294071977
GOOG,2023-03-10,92.5,93.18000031,90.80000305,91.01000214,9101.00%,32850100,-1.6108084972972998,93.48571450428572,94.14608698173913,1.5646387047669632
GOOG,2023-03-13,90.56500244,93.08000183,89.94000244,91.66000366,9166.00%,31508600,1.2090776685237181,93.39285823285715,94.04250017666668,1.6622835399225993
GOOG,2023-03-14,93.06999969,94.83000183,92.77999878,94.25,9425.00%,32303900,1.2678632361989608,93.42571585571429,94.05080016960001,1.6789357475393942
GOOG,2023-03-15,93.54000092,97.25,93.04000092,96.55000305,9655.00%,38367300,3.2178769514598415,93.56428745857144,94.14692335730768,1.9104431970853766
GOOG,2023-03-16,96.56999969,101.9700012,95.87000275,101.0699997,10107.00%,54499500,4.659832271352878,94.55000196285712,94.40333359222222,3.4415635606803185
GOOG,2023-03-17,100.8399963,103.4899979,100.75,102.4599991,10246.00%,76140300,1.6065081906394405,95.66571590142857,94.69107164607144,4.562720133508394
GOOG,2023-03-20,101.0599976,102.5800018,100.7900009,101.9300003,10193.00%,26033900,0.8608774200089635,96.99000113571428,94.94068987551724,4.879230188189166
GOOG,2023-03-21,101.9800034,105.9599991,101.8600006,105.8399963,10584.00%,33122800,3.785048804969931,99.10857173,95.30400008966667,5.065980659496422
GOOG,2023-03-22,105.1399994,107.5100021,104.2099991,104.2200012,10422.00%,32336900,-0.8750220708104692,100.90285709285715,95.17666676633333,4.125010817039719
GOOG,2023-03-23,105.8899994,107.1009979,105.4100037,106.2600021,10626.00%,31385800,0.34942176040847217,102.61857167857143,95.38533350300001,3.3147912150519807
GOOG,2023-03-24,105.7399979,106.1600037,104.7399979,106.0599976,10606.00%,25245000,0.3026288125167409,103.97714232857142,95.738666787,2.1611313584950413
GOOG,2023-03-27,105.3199997,105.4000015,102.6299973,103.0599976,10306.00%,25393400,-2.145843245762936,104.26142774285715,96.01200002,1.8187395500219192
GOOG,2023-03-28,103.0,103.0,100.2799988,101.3600006,10136.00%,24913500,-1.5922324271844597,104.1042851,96.22400004,2.0349921762116905
GOOG,2023-03-29,102.7200012,102.8199997,101.0299988,101.9000015,10190.00%,26148300,-0.7982863029795182,104.09999955714285,96.45566685833334,2.0403587176454865
GOOG,2023-03-30,101.4400024,101.6100006,100.2900009,101.3199997,10132.00%,25009800,-0.11829918884150241,103.45428575714287,96.59633356599998,2.1118936423669434
GOOG,2023-03-31,101.7099991,104.1900024,101.4400024,104.0,10400.00%,28086500,2.251500265719691,103.42285701428571,96.87033360666666,2.1002038819403412
GOOG,2023-04-03,102.6699982,104.9499969,102.3799973,104.9100037,10491.00%,20719900,2.1817527410846,103.2300001,97.21433385200001,1.8424166456055917
GOOG,2023-04-04,104.8399963,106.0999985,104.5999985,105.1200027,10512.00%,20377200,0.26707974998278866,103.09571511428571,97.650000507,1.6229598142647632
GOOG,2023-04-05,106.1200027,106.5400009,104.1019974,104.9499969,10495.00%,21864200,-1.102530880354,103.36571501428573,98.08833363533334,1.7668605363900307
GOOG,2023-04-06,105.7699966,109.6299973,104.8150024,108.9000015,10890.00%,34684200,2.9592559332652972,104.442858,98.682667029,2.4904669723730706
GOOG,2023-04-10,107.3899994,107.9700012,105.5999985,106.9499969,10695.00%,19741500,-0.4097239058183582,105.16428591428573,99.26933364333334,2.3590595964851793
GOOG,2023-04-11,106.9199982,107.2200012,105.2799988,106.1200027,10612.00%,18721300,-0.7482187742872543,105.85000062857144,99.80333378433333,1.6449112676193205
GOOG,2023-04-12,107.3899994,107.586998,104.9700012,105.2200012,10522.00%,22761600,-2.0206706510140786,106.0242865142857,100.300667056,1.4717430954833284
GOOG,2023-04-13,106.4700012,108.2649994,106.4400024,108.1900024,10819.00%,21650700,1.6154796474257942,106.49285775714286,100.890000398,1.576280034057551
GOOG,2023-04-14,107.6900024,109.5800018,107.5899963,109.4599991,10946.00%,20745400,1.6436035477328648,107.11285724285715,101.461667116,1.78588697286895
GOOG,2023-04-17,105.4300003,106.7099991,105.3199997,106.4199982,10642.00%,29043400,0.9390096719937044,107.32285742857142,101.87500050133333,1.5615025842513899
GOOG,2023-04-18,107.0,107.0500031,104.7799988,105.1200027,10512.00%,17641400,-1.757006822429906,106.78285760000001,102.19300053033334,1.5786982376254288
GOOG,2023-04-19,104.2149963,105.7249985,103.8000031,105.0199966,10502.00%,16732000,0.7724419023944284,106.50714327142857,102.55466714466667,1.7078906764265913
GOOG,2023-04-20,104.6500015,106.8880005,104.6399994,105.9000015,10590.00%,22515300,1.194457699076096,106.47571452857142,102.92966714366666,1.7181953867926667
GOOG,2023-04-21,106.0899963,106.6399994,105.4850006,105.9100037,10591.00%,22369800,-0.16966029435142077,106.57428631428571,103.37133381166667,1.6526932727426198
GOOG,2023-04-24,106.0500031,107.3199997,105.3600006,106.7799988,10678.00%,21410900,0.6883504749279951,106.37285722857142,103.897000367,1.5020060887445033
GOOG,2023-04-25,106.6100006,107.4400024,104.5599976,104.6100006,10461.00%,31408100,-1.8759966126479881,105.68000029999999,104.32866693166666,0.7908852885678538
GOOG,2023-04-26,105.5599976,107.0199966,103.2699966,104.4499969,10445.00%,37068200,-1.0515353592618881,105.39857154285713,104.66866682833333,0.833055989776678
GOOG,2023-04-27,105.2300034,109.1500015,104.4199982,108.3700027,10837.00%,38235200,2.983939179460294,105.86285725714286,105.06266681666668,1.3788139615031858
GOOG,2023-04-28,107.8000031,108.2900009,106.0400009,108.2200012,10822.00%,23957900,0.38960861588324097,106.32000077142857,105.3010002,1.570011665244926
GOOG,2023-05-01,107.7200012,108.6800003,107.5,107.7099991,10771.00%,20926300,-0.009285276539705544,106.57857185714286,105.4760002,1.6369332451716616
GOOG,2023-05-02,107.6600037,107.7300034,104.5,105.9800034,10598.00%,20343100,-1.5604683654678373,106.58857181428571,105.61100030333334,1.6323757491271391
GOOG,2023-05-03,106.2200012,108.1299973,105.6200027,106.1200027,10612.00%,17116300,-0.09414281573176833,106.49428665714287,105.62033385,1.6385251704928145
GOOG,2023-05-04,106.1600037,106.3000031,104.6999969,105.2099991,10521.00%,19780600,-0.8948799612749069,106.58000072857143,105.65333378,1.5360132744670516
GOOG,2023-05-05,105.3199997,106.4400024,104.7389984,106.2149963,10621.50%,20705300,0.8497878869629345,106.83214350000002,105.65183358666667,1.245478539818859
